<introConfig>
	<configURL>XML/config2.XML</configURL>
	<graphics>
		<gameDisplayName>this</gameDisplayName><!--The name of the game that will be displayed-->
		<bigGameThumb></bigGameThumb><!--The URL the game will load as the background for the intro screen-->
		<smallGameThumb></smallGameThumb><!--The URL the game will load as a side image-->
		<introLogoLink>http://www.google.com</introLogoLink><!--The URL of the logo will direct to-->
		<gameInstructions>../GameHelp Structure/HowToPlay.swf</gameInstructions>
	</graphics>
	<league_stage_id>1</league_stage_id>
	<user_info>
	  <name>This is the longest name ever</name>
	  <avatar_url>images/Avatar_4.gif</avatar_url>
	  <is_guest>true</is_guest>
	  <user_statistics_url>http://www.google.com</user_statistics_url>  
      <game_rating>2000</game_rating>	
	  <tokens>1:1:isToken=true</tokens>  
	</user_info>
	<moreGames>	
		<game>
			<callerId>12</callerId><!--The callerId of the game -->
			<image>http://bingobee.com/images/oilerlogos/Logo%20Third%2030x30.JPG</image><!--The URL of the image to load for the more game-->
			<url>http://bingobee.com/images/oilerlogos/Logo%20Third%2030x30.JPG</url><!--The URL of the game-->	
		</game>
				<game>
			<callerId>12</callerId><!--The callerId of the game -->
			<image>http://bingobee.com/images/oilerlogos/Logo%20Third%2030x30.JPG</image><!--The URL of the image to load for the more game-->
			<url>http://bingobee.com/images/oilerlogos/Logo%20Third%2030x30.JPG</url><!--The URL of the game-->	
		</game>
				<game>
			<callerId>12</callerId><!--The callerId of the game -->
			<image>http://bingobee.com/images/oilerlogos/Logo%20Third%2030x30.JPG</image><!--The URL of the image to load for the more game-->
			<url>http://bingobee.com/images/oilerlogos/Logo%20Third%2030x30.JPG</url><!--The URL of the game-->	
		</game>
	</moreGames>
	<statusUpdateData>
    	<statusUpdateURL></statusUpdateURL>
   		<initialValue>online_count=5&refresh_in_seconds=-1</initialValue>
	</statusUpdateData>
	<!--if this value is empty you can't invite a friend-->
	<inviteBuddyURL>file:///X:/come2play/API_GoogleCodeSVN/gameOnlineTester/room.html?flash_type=game&type=AutoMatch&match_string=dogs&room_id=999&isDefaultroomXML=true&isDefaultgameXML=true&PlayersNumSim=2&AutoMatch=true&MinPlayersNum=1&MaxPlayersNum=2&PlayersNum=2&boardHeight=400&boardWidth=400&gameStageX=100&gameStageY=0&gameSwf=..%2FAS3%2FSWFs%2FMinesweeperAS3.swf%3F&swfWidth=500&swfHeight=570&roomXML=XML%2Fconfig2.xml&gameXML=XML%2Fconfig2.xml&isVeteran=false&isMale=false&isGuest=false&credibility=1765&votes_sum=2049&votes_count=508&avatar=images%2FAvatar_2.gif&GameRating=1299&tokens=0%3A445%2C1%3A48&supervisor=MiniSupervisor&name=usu%C3%A1rio&id=1984&serverTable_0=chatType&chatType=FIXED&serverTable_1=isWithTables&isWithTables=true&gameTable_0=Board%20Width&Board%20Width=12&gameTable_1=Mine%20Amount&Mine%20Amount=20&</inviteBuddyURL>
	<moreGamesURL>http://www.google.com/</moreGamesURL>
	<!--if this value is not empty you must popout your game to play-->
	<popoutURL>3</popoutURL>
	<!--if this value is not empty the intro screen will do the action specefied-->
	<autoMatchType></autoMatchType>


	<inviteAutoMatch>
		<tableID></tableID> <!-- The table id of the game you connect to-->
		<tablePassword></tablePassword><!-- The play password of the game you connect to-->
		<viewPassword></viewPassword><!-- The view password of the game you connect to-->
		<autoMatchString></autoMatchString><!-- The autoMatch string of the game you connect to-->
	</inviteAutoMatch>
	<userManagement>
		<forgotPasswordURL>http://127.0.0.1/index.asp?action=register&</forgotPasswordURL>
		<!-- put email=..
		result=true/false
		-->
		<registerURL>http://127.0.0.1/index.asp?action=register&</registerURL>
		<!-- put name=..&email=..&pass..&is_male..&date_of_birth..&first_name..&last_name 
		result=true/false
		-->
		
		<loginURL>http://127.0.0.1/index.asp?action=login&</loginURL>
		<!-- put email,pass & all distribution params.. 
		gets intro_config_url=..
		-->
		<logoutURL>http://127.0.0.1/index.asp?action=logout&</logoutURL>
		<!--  all distribution params.. 
		gets intro_config_url=..
		-->
		<validateEmailURL>http://127.0.0.1/index.asp?action=validate_email&</validateEmailURL>
		<!-- put email
		result=true/false
		-->
		<validateNameURL>http://127.0.0.1/index.asp?action=validate_name&</validateNameURL>
		<!-- put name=..
		result=true/false
		-->
		<validateUserURL>http://127.0.0.1/index.asp?action=validate_name&</validateUserURL>
	</userManagement>
	<customInitInfo>
		<custom>
			<entry><key>addTokens</key><value>"http://www.supersonicads.com/delivery/panel.php?siteUserId=&amp;siteId=39&amp;network=Generic&amp;gender=1&amp;language=he&amp;altCurrency=%D7%96%27%D7%98%D7%95%D7%A0%D7%99%D7%9D&amp;categories=Games%2C&amp;z0=664_665_666_667&amp;z1=668_669_670_671&amp;z2=672_673_674_675&amp;"</value></entry>
			<entry><key>footerLogoURL</key><value>"images/come2playLogo.swf"</value></entry>
			<entry><key>footerLogoLink</key><value>"http://www.google.com/"</value></entry>
			<entry><key>moreGrabIt</key><value>[]</value></entry>
			<entry><key>grabIt</key><value>"http://bingobee.com/"</value></entry>
			
			<entry><key>addFooter</key><value>false</value></entry>
			
			
			<entry><key>isAbleToPlay</key><value>true</value></entry>
			
			<entry><key>isGoogleLogin</key><value>true</value></entry>
			
			
			<entry><key>miniMode</key><value>true</value></entry>
			<entry><key>showBottomLogo</key><value>true</value></entry>
			<entry><key>isDevelopersTab</key><value>true</value></entry>
		
			<entry><key>computerImage</key><value>"images/Avatar_1.gif"</value></entry>
			<entry><key>ratings</key><value>[0,1200,1400,1600,1800,2000,2200,2400]</value></entry>
			<entry><key>tokenFolderURL</key><value>"graphics/rewards/"</value></entry>
			<entry><key>tokenSet</key><value>[[0,"0.swf"],[1,"1.swf"],[5,"5.swf"],[10,"10.swf"],[50,"50.swf"],[100,"100.swf"],[500,"500.swf"],[1000,"1000.swf"],["x","x.swf"]]</value></entry>
		</custom>
		
		
		<i18n>
		
		
		</i18n>

		
		
		
		<reflection>
		</reflection>		
	</customInitInfo>
</introConfig>